Registration_ID,Participant_Name,Email,Department,Event_ID,Registration_Date
1,James Hogan,osteele@example.com,ECE,108,2026-05-23
2,Nicole Ray,raymondleah@example.net,EEE,106,2026-06-07
3,James Chapman,lthomas@example.net,IT,109,2026-06-07
4,Amber Jackson,nswanson@example.net,AIDS,102,2026-05-12
5,Corey Palmer,michaelmoran@example.org,MECH,108,2026-06-07
6,Jason Forbes,jamie39@example.org,IT,108,2026-05-25
7,Cindy Pierce,nperez@example.org,AIDS,101,2026-05-27
8,Roger Adams,jeffreyrussell@example.com,CIVIL,101,2026-05-16
9,Luis Rosario,normancindy@example.net,IT,105,2026-05-22
10,Anthony Gillespie,colonmichelle@example.net,IT,104,2026-05-13
11,Madeline Hamilton,nturner@example.net,EEE,110,2026-06-02
12,Angela Mckinney,elizabethmoore@example.org,EEE,110,2026-05-30
13,Patrick Mooney,christinelawrence@example.org,MECH,108,2026-06-02
14,James Patton,samantha54@example.org,CSE,101,2026-05-31
15,Kristina Torres,hjimenez@example.com,EEE,102,2026-05-28
16,Kelly Best,montgomerychristopher@example.org,MECH,105,2026-05-22
17,Anna Johnson,stevenhicks@example.org,EEE,107,2026-05-11
18,Amanda Young,michelle64@example.com,CIVIL,101,2026-06-05
19,Michael Palmer,oharris@example.net,CIVIL,102,2026-05-17
20,Brian Berry,carriecharles@example.com,AIDS,108,2026-06-07
21,Allison Roberts,stonesamantha@example.org,IT,105,2026-06-06
22,Nicole Morris,bowenjoe@example.org,IT,108,2026-05-16
23,Brad Smith,jacobwilliams@example.com,ECE,104,2026-06-02
24,Sean Ross,utorres@example.net,MECH,102,2026-05-14
25,Larry Smith,michaelcoleman@example.org,CIVIL,105,2026-06-06
26,Danielle Leblanc,sawyerjacob@example.net,MECH,106,2026-05-20
27,David Hill,rdixon@example.net,AIDS,107,2026-06-03
28,Jason Archer,robertanderson@example.com,IT,108,2026-05-31
29,Stephen Jones,bjohnson@example.net,IT,104,2026-05-27
30,Jason Velazquez,joseph35@example.org,IT,108,2026-05-20
31,Ian Wright,edwinwilliams@example.org,CSE,104,2026-05-15
32,Timothy Stevens,longmatthew@example.org,CSE,104,2026-05-28
33,Christina Townsend,stephenwright@example.net,CSE,106,2026-05-24
34,Amanda Moore,cody79@example.org,MECH,107,2026-05-28
35,Hector Myers,chall@example.net,AIDS,105,2026-05-18
36,John Hoover,davidhurley@example.com,CSE,110,2026-05-26
37,Mary Vang,robert11@example.com,AIDS,102,2026-05-17
38,Sarah Hubbard,jacob18@example.net,ECE,109,2026-05-14
39,Natalie Romero,gfrederick@example.net,IT,104,2026-05-14
40,Dominic Mayo,umyers@example.org,CIVIL,103,2026-05-14
41,Joshua Knox,nmiller@example.net,IT,107,2026-06-06
42,Mr. Larry Washington,kevin87@example.net,CSE,110,2026-06-03
43,Tyrone Brown,richardboyle@example.com,CSE,108,2026-05-28
44,Ashley Mullins,michael20@example.com,IT,109,2026-05-24
45,Daniel Torres,nicole93@example.net,IT,107,2026-05-17
46,James Landry,anthonydelgado@example.org,ECE,104,2026-05-30
47,Justin Wolf,alejandradalton@example.com,AIDS,101,2026-05-12
48,Susan Nguyen,martin67@example.net,IT,104,2026-05-25
49,Sarah Lam,dlevine@example.com,ECE,107,2026-05-28
50,Cody Hernandez,fergusonmargaret@example.com,IT,108,2026-05-20
51,Francisco Daniels,tvilla@example.net,MECH,102,2026-05-15
52,Ann White,efoley@example.net,EEE,109,2026-05-28
53,Gabriel Huff MD,bmorse@example.org,CSE,109,2026-06-06
54,Michael Henry,anthonyosborne@example.net,ECE,101,2026-05-28
55,Emily Allen,amy24@example.com,CSE,103,2026-05-15
56,Christopher Jackson,maydiana@example.com,MECH,102,2026-06-03
57,Jessica Harvey,michael06@example.net,CIVIL,101,2026-05-20
58,Linda Singleton,kathleenthomas@example.org,AIDS,103,2026-06-02
59,Angelica Stevens,hbrown@example.net,CIVIL,108,2026-05-25
60,Virginia Mitchell,robertcampbell@example.com,AIDS,102,2026-05-25
61,Lisa Hamilton,alansmith@example.com,AIDS,103,2026-05-25
62,Stephen Webster,nelsonnicole@example.com,IT,110,2026-05-23
63,Eric Rivas,dunnlisa@example.com,ECE,107,2026-05-09
64,James Stephenson,meghan59@example.com,AIDS,103,2026-05-30
65,Jason Johnson Jr.,esalas@example.com,IT,110,2026-05-12
66,Manuel Lee,gloverjames@example.net,CIVIL,104,2026-06-01
67,John Williams,willisdeborah@example.org,CIVIL,103,2026-05-25
68,Elizabeth Smith,chanjames@example.net,ECE,106,2026-05-15
69,Ruth Young,mariehughes@example.net,IT,110,2026-05-09
70,Laura Lester,susan18@example.org,IT,102,2026-06-02
71,Ashley Johnston,chad85@example.net,ECE,110,2026-05-20
72,Michael Cooper,meganmiller@example.org,AIDS,101,2026-05-23
73,Karen Obrien,debracraig@example.net,CIVIL,105,2026-05-25
74,William Burgess,smithmandy@example.com,ECE,108,2026-05-30
75,Samantha Reeves,derektaylor@example.org,ECE,103,2026-06-05
76,Patricia Carney,kenneth54@example.net,EEE,104,2026-05-15
77,Zachary Jensen,bushrobert@example.net,MECH,101,2026-05-11
78,Ryan Brown,drussell@example.net,IT,107,2026-05-09
79,Jennifer Jones,charlesdelgado@example.net,AIDS,101,2026-06-02
80,Patricia Ortega,fstewart@example.com,EEE,104,2026-05-10
81,Joel Cannon,perrymichael@example.net,AIDS,109,2026-05-20
82,Heather Macias,sanderslisa@example.com,EEE,107,2026-05-11
83,Jennifer Miller,danielcoleman@example.org,AIDS,107,2026-06-05
84,Kimberly Sanders,donna30@example.net,MECH,110,2026-05-09
85,Dr. Kimberly Williams,kelli26@example.org,CSE,102,2026-06-04
86,Michael Lambert,lisastanton@example.net,EEE,106,2026-05-23
87,Cheryl Hansen,palmereric@example.org,IT,105,2026-05-13
88,Thomas Mckinney,victoria08@example.org,CSE,105,2026-05-29
89,Keith Vincent,leeangela@example.com,CSE,107,2026-05-10
90,Jonathan Jones,maryhughes@example.org,EEE,110,2026-06-01
91,Ernest Perez,houstonglenda@example.net,EEE,110,2026-05-17
92,Stephen Gardner,tballard@example.com,CSE,105,2026-06-04
93,Alison Kelly,mashley@example.net,AIDS,101,2026-05-13
94,Jonathan Mack,davidedwards@example.com,ECE,101,2026-05-15
95,Marc Patterson,laura64@example.net,MECH,102,2026-05-31
96,Brandon Hansen,simmonsvictor@example.com,AIDS,108,2026-06-04
97,Carrie Porter,melissa66@example.com,EEE,109,2026-05-12
98,Anita Williams,swhite@example.com,AIDS,108,2026-05-18
99,Carmen Diaz,danielvaughn@example.org,MECH,108,2026-05-12
100,Danielle Taylor,danielpeters@example.org,CSE,108,2026-05-14
101,Emily Ryan,erichardson@example.com,EEE,110,2026-06-04
102,Jennifer Conway,michellepowell@example.com,CSE,108,2026-05-19
103,Scott Clark,morenogreg@example.net,EEE,106,2026-06-03
104,Carol Thompson,nfisher@example.com,AIDS,107,2026-05-20
105,Nicholas Vaughn,renee67@example.com,ECE,106,2026-05-16
106,Alec Rios,ulong@example.org,AIDS,107,2026-05-31
107,Rhonda Rodriguez,conniemontes@example.com,EEE,107,2026-05-11
108,Joseph Johnson,millerchristopher@example.org,ECE,108,2026-05-16
109,William Parsons,ebonysimmons@example.com,EEE,104,2026-05-12
110,Kim Lewis,oshannon@example.org,MECH,104,2026-05-14
111,Veronica Lamb,drussell@example.com,MECH,102,2026-05-29
112,David Bridges,jessica35@example.net,AIDS,102,2026-05-12
113,Aaron Cunningham,jthornton@example.com,AIDS,109,2026-05-16
114,Thomas Figueroa,tjoyce@example.org,CSE,104,2026-05-29
115,Michael Jones,stanleyjamie@example.com,CSE,105,2026-05-19
116,Patricia Jones,moranstephanie@example.net,CSE,106,2026-05-30
117,Ronald Johnson,muellerrichard@example.com,CIVIL,108,2026-05-26
118,Chase Kelly,umurphy@example.com,ECE,107,2026-05-09
119,Christopher Garrison,johnsondavid@example.com,MECH,109,2026-06-07
120,Tracey Weiss,ryan10@example.net,MECH,101,2026-05-18
121,Danielle Lee,samuelgregory@example.org,EEE,105,2026-06-07
122,Lisa Flynn,qrose@example.net,ECE,110,2026-05-14
123,Maria Owen,rowemichael@example.org,ECE,103,2026-05-16
124,Dustin Marshall,denise65@example.com,CSE,102,2026-05-13
125,Roberta Weaver,charlesthompson@example.com,MECH,108,2026-05-13
126,Abigail Brown,christian91@example.org,AIDS,110,2026-05-21
127,Nicholas Smith,alicia78@example.com,MECH,109,2026-05-22
128,James Pena,dlivingston@example.net,MECH,108,2026-06-04
129,James Hughes,gortiz@example.org,ECE,104,2026-05-10
130,Christopher Burns,pwiley@example.com,IT,108,2026-05-30
131,Daniel Soto,cruzmaurice@example.com,EEE,102,2026-05-18
132,Christopher Robertson,raymondthornton@example.com,CIVIL,106,2026-05-23
133,Crystal Nelson,chad34@example.net,CIVIL,102,2026-05-19
134,Christine Anderson,esalinas@example.com,CSE,102,2026-06-02
135,Haley Perkins,darleneaguirre@example.net,CIVIL,103,2026-05-11
136,Jennifer Martin,turnerphillip@example.com,EEE,102,2026-05-10
137,Susan Tucker,rachel27@example.net,MECH,105,2026-05-10
138,Olivia Smith,henrychristopher@example.org,MECH,105,2026-05-22
139,Anita Lewis,johnsonsandra@example.net,ECE,105,2026-05-12
140,Shannon Barton,robertkelly@example.com,MECH,108,2026-06-05
141,John Martinez,mariawheeler@example.net,MECH,103,2026-05-10
142,Latoya Campbell,gonzalezdavid@example.org,MECH,104,2026-05-18
143,Alexandra Huff,leah01@example.net,EEE,104,2026-06-06
144,Natalie Smith,gary10@example.net,CIVIL,105,2026-06-06
145,Matthew Hernandez,parsonsjenna@example.org,CSE,109,2026-06-02
146,Kelly Smith,cgardner@example.org,EEE,102,2026-05-12
147,Yvonne Snyder,elizabethsims@example.org,AIDS,104,2026-06-03
148,Kimberly White,cynthiagentry@example.com,MECH,110,2026-06-05
149,Joel Stewart,maryyates@example.com,AIDS,103,2026-05-13
150,Sara Rogers,meganstone@example.org,MECH,107,2026-05-18
151,Kimberly Davis,justin84@example.com,EEE,108,2026-05-11
152,Sarah Gill,hwhite@example.net,EEE,109,2026-05-27
153,Tiffany Parker,moorejustin@example.net,ECE,104,2026-06-06
154,Eric Cruz,rowlandkyle@example.net,CIVIL,109,2026-05-27
155,David Mullins Jr.,allison77@example.net,IT,103,2026-05-18
156,Melissa Goodman,tristan23@example.net,CIVIL,107,2026-05-31
157,Holly Adams,banksshane@example.org,IT,108,2026-05-25
158,Bradley Moreno,bridget96@example.com,CIVIL,105,2026-05-09
159,James Hansen,patrick00@example.net,ECE,104,2026-05-20
160,Abigail Holt,grace04@example.org,IT,108,2026-05-16
161,John Powell,odomtyler@example.net,CSE,104,2026-06-03
162,Karen Williams,joshua58@example.org,ECE,110,2026-05-31
163,Jermaine Fisher,mcdanielrachel@example.org,CIVIL,106,2026-05-28
164,David Spencer,lhull@example.com,CIVIL,110,2026-05-16
165,Stephen Carlson,smithlinda@example.com,MECH,101,2026-05-25
166,Barry Lamb,sherylmcneil@example.org,MECH,106,2026-05-27
167,Bonnie Bartlett,mariodickerson@example.net,ECE,105,2026-06-06
168,Andrea Conner,fernando61@example.com,EEE,101,2026-05-22
169,Justin Zimmerman,heather64@example.com,MECH,105,2026-05-28
170,Randy Watson,amy40@example.com,CSE,105,2026-05-23
171,Mary Jackson,ufletcher@example.org,ECE,104,2026-05-26
172,Gina Clark,amy79@example.net,AIDS,101,2026-05-10
173,Brandon Jones,stephen53@example.com,AIDS,106,2026-05-26
174,Erica Robinson,patrick64@example.org,EEE,101,2026-05-27
175,Kevin Lowe,simmonsstanley@example.com,CIVIL,101,2026-05-10
176,Rebecca Williams,bullockashley@example.net,CIVIL,108,2026-05-17
177,Tracy Mclaughlin,sharonrichard@example.org,ECE,103,2026-05-18
178,Danielle White,stephensmichael@example.com,CSE,101,2026-05-12
179,Valerie Cruz,bellkatherine@example.com,ECE,105,2026-06-04
180,Douglas Aguirre,sheila42@example.com,CIVIL,104,2026-05-27
181,Erin Carlson,thomas35@example.net,CIVIL,103,2026-05-22
182,Brittany Brown,nwright@example.com,EEE,108,2026-05-12
183,Albert Johnson,tonyaporter@example.com,CIVIL,105,2026-05-26
184,James Marks,gabriellepace@example.net,ECE,102,2026-05-13
185,Jennifer Mahoney,wilkinsdesiree@example.com,EEE,109,2026-05-31
186,Emily Mora,timothy61@example.com,IT,105,2026-05-25
187,Stephen Ramsey,william90@example.org,MECH,102,2026-05-23
188,Jonathan Jensen,alicia85@example.org,CSE,107,2026-05-16
189,Samuel Sheppard,justinalvarado@example.net,ECE,106,2026-06-05
190,Troy Lin,troy63@example.com,EEE,102,2026-05-10
191,Keith Nichols,lwhite@example.com,IT,103,2026-05-20
192,Jeremy Myers,fostercharles@example.com,CSE,106,2026-05-30
193,James Cooper,daverodriguez@example.org,AIDS,105,2026-05-09
194,Robin Oconnor,stoutsherry@example.com,MECH,110,2026-05-20
195,Amy Thompson,katherine77@example.com,AIDS,110,2026-06-07
196,Teresa Nelson,nrodriguez@example.net,EEE,104,2026-06-02
197,Edward Roberts,jason52@example.com,IT,107,2026-06-01
198,Mary Robinson,brett92@example.org,CSE,101,2026-05-15
199,Gary Campbell,srogers@example.net,CSE,108,2026-05-29
200,Deborah Pham,aguilartodd@example.net,IT,103,2026-05-19
201,Antonio Morse,kylearnold@example.net,CIVIL,101,2026-05-22
202,Christopher Dominguez,gibsonpaul@example.com,CIVIL,103,2026-05-09
203,Audrey Adams,benitezjeremy@example.com,IT,105,2026-05-26
204,Mitchell Dean,davidcole@example.com,MECH,104,2026-05-11
205,Mason Mcdaniel,adamsjoshua@example.com,AIDS,108,2026-05-11
206,Katelyn Collins,goodmaria@example.org,MECH,110,2026-05-24
207,Dr. Steven Johnson MD,david42@example.net,IT,101,2026-06-02
208,Elizabeth Rojas,jamesluna@example.com,AIDS,102,2026-06-04
209,Christopher Ray,michelleschultz@example.org,EEE,106,2026-06-04
210,James Aguirre,mirandayoung@example.net,MECH,106,2026-05-12
211,Lauren Graves,hillseth@example.org,IT,105,2026-05-19
212,Douglas Wright,garciakelly@example.com,CIVIL,104,2026-05-21
213,Justin Wright,john53@example.net,EEE,109,2026-05-14
214,Gabriella Jones,robinsonlance@example.net,CIVIL,101,2026-05-17
215,Devin Whitaker,gonzalezalicia@example.com,AIDS,103,2026-05-13
216,Marie Rojas,ortegamatthew@example.com,EEE,109,2026-05-23
217,Kimberly Bailey,allisonbrock@example.net,MECH,104,2026-05-23
218,Jeffrey Moreno,murphyheidi@example.com,CSE,102,2026-06-05
219,Jonathan Austin,powellrobert@example.org,CSE,107,2026-05-10
220,Ryan Lewis,jennifer84@example.org,EEE,105,2026-05-13
221,Penny Patterson DDS,austin48@example.com,CIVIL,101,2026-05-19
222,Christopher Fowler,sandersmichael@example.org,MECH,103,2026-05-09
223,Allison Sawyer,ehoward@example.com,IT,104,2026-05-15
224,Brittany Cross,antonio73@example.org,MECH,109,2026-05-21
225,Chelsea Morales,fsilva@example.com,IT,109,2026-06-03
226,Brandi Manning,tiffany82@example.net,CIVIL,103,2026-05-29
227,Nicole Gaines,rachel57@example.com,ECE,107,2026-05-30
228,Lisa Hernandez,rebekahvance@example.net,MECH,107,2026-05-15
229,Eric Mcknight,christian40@example.org,MECH,106,2026-05-20
230,Victoria Cuevas,herbert80@example.com,IT,107,2026-06-03
231,Charles Howell,lewismaria@example.com,CSE,102,2026-05-13
232,Victoria Wilson,cwilkinson@example.org,EEE,104,2026-05-13
233,Lisa Higgins,nbarton@example.com,AIDS,106,2026-05-28
234,Alyssa Wilkinson,rosalesbrian@example.net,IT,102,2026-06-01
235,Kevin Nichols,vhenderson@example.org,EEE,103,2026-06-07
236,Julie Robinson,matthewwarren@example.org,CSE,101,2026-05-22
237,Ryan Armstrong,andersonmercedes@example.net,CIVIL,103,2026-06-03
238,Juan Robertson,petersronald@example.net,ECE,108,2026-05-30
239,Heidi Zamora,amy57@example.net,ECE,108,2026-06-06
240,Brett Johnston,nicolehancock@example.com,MECH,109,2026-05-29
241,Crystal Yoder,oliverdeborah@example.org,IT,101,2026-05-26
242,Yolanda Rich,gregory86@example.org,CSE,105,2026-06-03
243,Allen Miller,cevans@example.com,IT,105,2026-06-04
244,Sheri Harris,ecardenas@example.org,CIVIL,102,2026-06-03
245,Timothy Fleming Jr.,joshuamontes@example.com,CSE,103,2026-05-17
246,Karen Holmes,alison22@example.net,CIVIL,107,2026-05-19
247,Matthew Cruz,annfrey@example.com,AIDS,110,2026-05-12
248,Kenneth Ross,hreed@example.org,ECE,109,2026-05-15
249,Tommy Shepherd,washingtonangela@example.org,ECE,104,2026-05-13
250,Dr. Mallory Shannon,simmonslisa@example.org,AIDS,104,2026-05-21
251,Aaron Hickman,rmarks@example.org,EEE,105,2026-05-21
252,Angela Turner,dbush@example.org,IT,101,2026-05-28
253,Sarah Perry,nicolemayer@example.com,CSE,110,2026-06-01
254,Nicole Craig,ryan10@example.net,IT,106,2026-06-07
255,Natalie Beltran,ccampbell@example.org,CSE,104,2026-05-30
256,Daisy Ewing,flopez@example.org,ECE,108,2026-06-01
257,Linda Barnes,michelle23@example.com,EEE,105,2026-05-19
258,Amanda Fitzgerald,lbates@example.net,IT,103,2026-05-21
259,Jennifer Morrison,michaelgarcia@example.org,ECE,102,2026-05-19
260,Joseph Nelson,johnsonmary@example.net,EEE,109,2026-05-13
261,John Odonnell,zwagner@example.org,EEE,106,2026-05-13
262,Jenna Lewis,amy40@example.com,AIDS,109,2026-05-23
263,Thomas Vaughn,martha02@example.org,EEE,109,2026-05-10
264,Renee Perez,kennedyphillip@example.com,ECE,101,2026-05-11
265,Mrs. Jessica Jackson,millerchristopher@example.org,IT,103,2026-06-03
266,Amanda Green DDS,mferrell@example.net,ECE,101,2026-05-29
267,Marissa Chan,jenkinsjeffery@example.com,CSE,109,2026-05-29
268,Vickie Foster,ashley21@example.org,EEE,108,2026-05-29
269,Susan Serrano,christyhoward@example.org,IT,101,2026-06-01
270,Sean Hayes,dawn08@example.org,AIDS,103,2026-05-21
271,Gregory Jones,michael39@example.com,CSE,101,2026-05-30
272,Daniel Ellison,chad28@example.net,CIVIL,104,2026-06-01
273,John Graves,freemanpeter@example.net,ECE,107,2026-06-04
274,Benjamin Stevens,haleylauren@example.org,MECH,105,2026-06-02
275,Keith Smith,katherine18@example.com,IT,103,2026-06-03
276,Tyler Turner MD,nicholasprince@example.org,AIDS,107,2026-06-07
277,Regina Johnson MD,qfarmer@example.org,CSE,102,2026-05-27
278,Joy Wilson,mflores@example.com,CSE,110,2026-05-14
279,Shelby Galloway,collinsdiane@example.org,ECE,103,2026-05-16
280,Haley Edwards,leslie88@example.net,CIVIL,106,2026-05-11
281,Shannon Savage,oberger@example.org,EEE,108,2026-05-10
282,Sarah Thompson,keithferrell@example.org,ECE,108,2026-05-17
283,Kelly Mitchell,chelseachan@example.com,CSE,103,2026-05-21
284,April Leonard,kathrynrobertson@example.org,AIDS,110,2026-05-18
285,Troy Russell,whiteedward@example.com,CIVIL,104,2026-05-26
286,Karen Gibson,rachel52@example.org,EEE,102,2026-05-25
287,Amber Mcdaniel,waredonald@example.org,EEE,103,2026-06-02
288,Robyn Salazar,gmoyer@example.org,ECE,105,2026-06-07
289,Carrie Lane DVM,heidicordova@example.com,IT,107,2026-05-21
290,Paul Stevens,stephanie21@example.com,EEE,109,2026-06-04
291,Heather Marshall,joseph28@example.org,CSE,103,2026-05-15
292,Tommy Callahan,rose30@example.com,MECH,101,2026-05-27
293,Danielle Cooper,pellis@example.net,MECH,106,2026-05-11
294,Mrs. Hannah Graham,jjimenez@example.net,ECE,104,2026-05-31
295,Tonya Goodwin,paulandrew@example.net,ECE,105,2026-05-31
296,Alan Hernandez,hooverbarbara@example.com,AIDS,105,2026-05-31
297,Brenda Ramos,xadams@example.net,EEE,109,2026-06-07
298,Travis Brady,ygreen@example.org,ECE,108,2026-05-31
299,Philip West,paige71@example.com,CIVIL,101,2026-05-31
300,Maria Garcia,christopher88@example.org,AIDS,108,2026-06-01
301,Diane Ferguson,harperbobby@example.com,MECH,105,2026-05-10
302,Mary Roy,whitney37@example.com,MECH,103,2026-05-19
303,Katie White,athompson@example.net,EEE,106,2026-05-28
304,John Leonard,david96@example.net,CSE,102,2026-05-31
305,Michael Morse,jessica26@example.net,ECE,107,2026-05-18
306,Jennifer Harris,davischristina@example.net,EEE,109,2026-05-09
307,Mr. Kenneth Simpson,michael16@example.net,CSE,106,2026-05-12
308,Jane Thompson,goodmichael@example.org,CIVIL,107,2026-05-15
309,April Hall,gcrawford@example.org,ECE,110,2026-05-14
310,Kathy Hernandez,heather34@example.org,CSE,105,2026-05-31
311,Zachary Robertson,briannapetersen@example.com,EEE,109,2026-05-11
312,Sean Kelly,timothy98@example.net,CSE,108,2026-05-22
313,Paul Ramirez,amber73@example.com,IT,108,2026-05-30
314,Steven Shepard,brandonbauer@example.com,EEE,110,2026-06-03
315,Kristina Jones,ingramevelyn@example.net,CSE,102,2026-05-24
316,Diane Boyd,walkerjohn@example.org,EEE,105,2026-05-18
317,Dennis Church,xarroyo@example.org,IT,105,2026-05-29
318,Susan Lyons,seansanford@example.com,AIDS,106,2026-05-11
319,Alyssa Mcdonald,frichardson@example.net,IT,102,2026-05-19
320,Sally Wolfe,vickiwells@example.org,CIVIL,105,2026-05-18
321,Mary Jordan,taylorvictoria@example.net,CSE,101,2026-06-06
322,Phyllis Smith,carpenterjennifer@example.net,EEE,109,2026-05-15
323,Benjamin Dickerson,steven94@example.com,IT,103,2026-05-30
324,Lisa Morales,mccoynicholas@example.org,CIVIL,103,2026-05-18
325,Nicole Silva,etaylor@example.com,EEE,110,2026-05-26
326,Sheri Knox,baileyharris@example.com,CIVIL,103,2026-05-12
327,Robert Lynch,odomamy@example.net,MECH,107,2026-06-03
328,Samantha Blevins,idominguez@example.net,CSE,103,2026-06-03
329,Robert Forbes,susan33@example.net,EEE,103,2026-05-10
330,Elizabeth Villa,taylorthomas@example.org,CIVIL,109,2026-05-31
331,Ashley Arnold,oliviamiller@example.net,MECH,102,2026-06-04
332,Jerry Perkins,michaelgarcia@example.net,AIDS,101,2026-05-13
333,Kevin Bradley,watsonjoseph@example.net,CIVIL,104,2026-05-30
334,Zachary Gutierrez,brittany85@example.net,MECH,103,2026-05-30
335,Gregory Hoffman,mosscheryl@example.com,IT,110,2026-05-20
336,Dwayne Lane,dhoffman@example.com,CSE,105,2026-05-17
337,Ashlee Rivera,jessicajohnson@example.net,CSE,108,2026-05-23
338,William Stephenson,kwright@example.org,MECH,102,2026-05-30
339,Andrew Wiley,aaron14@example.net,CIVIL,109,2026-06-02
340,James Stewart,jamie06@example.net,IT,107,2026-05-29
341,Michael Warren,bryce20@example.org,AIDS,104,2026-05-31
342,Gerald Wilson,eric05@example.org,MECH,105,2026-06-07
343,George Harris,jenniferlarsen@example.org,IT,105,2026-05-31
344,Julia Grant,amanda16@example.net,ECE,110,2026-05-23
345,Lawrence Joseph,hernandezmichael@example.org,CSE,106,2026-05-30
346,Joseph Ray,susan98@example.org,EEE,107,2026-05-31
347,Alexandra Gallagher,sanchezlaura@example.com,EEE,110,2026-06-07
348,Douglas Harrington,joshuasmith@example.net,CIVIL,103,2026-05-24
349,Samantha Chapman,murphykayla@example.net,CIVIL,103,2026-06-01
350,Christopher Curtis,jennifer80@example.com,CSE,103,2026-05-27
351,Katherine Clark,curtisorr@example.com,AIDS,102,2026-05-23
352,Michael Jackson,wilsonalicia@example.com,EEE,106,2026-05-10
353,Amanda Garcia,luiswhite@example.org,IT,106,2026-05-20
354,Kenneth Vega,jenniferward@example.com,IT,106,2026-05-22
355,Nicholas Mercado,hallkenneth@example.net,AIDS,105,2026-06-07
356,Daniel Mccann,romanjoseph@example.org,CIVIL,103,2026-05-20
357,Sally Wilson,kenneth15@example.net,MECH,104,2026-06-05
358,Sarah Gill,jenniferolsen@example.org,MECH,106,2026-06-01
359,Gary Boyd,pkim@example.com,CSE,109,2026-05-13
360,Charles Delacruz,ryan56@example.org,CSE,102,2026-05-31
361,Lisa Washington,murphywillie@example.com,IT,105,2026-05-25
362,Marcus Pitts,katherine02@example.com,MECH,110,2026-05-21
363,Rachel Martinez,sydney14@example.net,EEE,104,2026-06-01
364,David Campbell,cranerichard@example.net,CSE,103,2026-05-31
365,Christina Smith,danielshepard@example.org,CSE,104,2026-05-25
366,Keith Parks,benjamin19@example.net,CSE,108,2026-05-18
367,Ashley Young,pramos@example.net,ECE,101,2026-05-19
368,Holly Cook,zrogers@example.org,CSE,110,2026-05-30
369,Michael Neal,brenda14@example.com,MECH,110,2026-05-21
370,Michelle Simmons,brownangela@example.org,AIDS,102,2026-05-16
371,Alison Rowe,rachel12@example.org,ECE,110,2026-05-15
372,Craig Espinoza,vlewis@example.org,CSE,108,2026-05-16
373,Megan Johnson,hartlisa@example.com,AIDS,104,2026-05-26
374,Shaun Hart,wjackson@example.net,IT,107,2026-05-18
375,Dr. Stephanie Roberts,caldwelltimothy@example.org,AIDS,104,2026-05-15
376,Desiree Carter,jason60@example.net,MECH,108,2026-05-10
377,Loretta Booth,joy38@example.org,AIDS,106,2026-05-17
378,Johnny King,david68@example.org,CSE,106,2026-06-04
379,James Logan,perryrachel@example.net,CSE,107,2026-05-11
380,Terry Bray,jonathan15@example.com,CIVIL,106,2026-05-23
381,Jennifer Kim,bthomas@example.net,CSE,110,2026-05-14
382,Clayton Parrish,delgadoeric@example.com,AIDS,106,2026-05-19
383,Samantha Carr,xaguilar@example.org,MECH,102,2026-05-30
384,Linda Harris,andre73@example.net,ECE,103,2026-05-10
385,Cody Paul,sheltonvanessa@example.org,MECH,105,2026-05-13
386,Dr. Nancy Andrade MD,hprince@example.org,CSE,102,2026-05-12
387,Jeremy Randall,carterrobert@example.org,MECH,107,2026-05-14
388,Rebecca Gonzalez,singhmichael@example.com,AIDS,106,2026-05-28
389,Richard Torres,nicoletorres@example.com,EEE,105,2026-05-18
390,Sherri Quinn,eric26@example.net,CSE,105,2026-06-02
391,Edward Allen,burnsdavid@example.net,AIDS,103,2026-06-02
392,Russell Avila,rhodesjustin@example.com,CSE,103,2026-06-01
393,Ryan Powell MD,samuelhoward@example.org,IT,104,2026-05-23
394,Patricia Hernandez,kolson@example.org,AIDS,101,2026-05-16
395,Joseph Frank,bsmith@example.org,ECE,108,2026-05-12
396,Anthony Murphy,kingana@example.net,CSE,102,2026-06-03
397,Kimberly Collins,christina52@example.com,ECE,107,2026-06-01
398,Brian Lucas,leslie87@example.com,ECE,108,2026-06-03
399,Leah Robinson,margaret74@example.com,ECE,101,2026-05-26
400,Tyler Watson,ryanbrown@example.com,AIDS,104,2026-05-29
401,Lisa Brown,patricksavage@example.com,ECE,101,2026-06-02
402,Traci Russell,stevenalvarado@example.org,CIVIL,101,2026-05-18
403,Alicia Butler,gutierrezkatelyn@example.com,MECH,107,2026-05-20
404,Linda Patterson,kurt58@example.org,IT,104,2026-06-05
405,Melanie Martinez,damon00@example.org,IT,103,2026-06-03
406,Lisa Lane,jonathan36@example.net,MECH,110,2026-05-17
407,Steven Barnes,moorestephanie@example.net,MECH,103,2026-05-21
408,Pamela Davies,dustin11@example.com,MECH,103,2026-05-11
409,Jessica Ortiz,anna10@example.net,CSE,109,2026-05-15
410,Stephanie Yates,dreid@example.org,CSE,110,2026-05-28
411,Jamie Peters,mitchellryan@example.org,CSE,103,2026-05-17
412,Tracy Mitchell,mary93@example.net,AIDS,105,2026-05-18
413,Leonard Vasquez,briggspaula@example.net,IT,106,2026-05-28
414,Elizabeth Fernandez,jessica55@example.com,CSE,101,2026-05-14
415,Anthony Bell,elizabeth09@example.org,CIVIL,107,2026-06-03
416,Lauren Calderon,garciasusan@example.net,MECH,104,2026-05-29
417,Michael Johnston,allison07@example.net,MECH,101,2026-06-05
418,Anna Perry,melaniecollins@example.net,MECH,103,2026-05-23
419,Grant Hoover,kimberlyalvarado@example.com,AIDS,105,2026-06-07
420,Andrea Owens,carlos23@example.org,CSE,102,2026-05-24
421,Mark Alvarez,alicia53@example.org,MECH,110,2026-05-16
422,Sabrina Marquez,nicholasbowman@example.org,MECH,101,2026-05-28
423,Natalie Copeland,alicia82@example.com,ECE,107,2026-05-22
424,Deanna Gray,oowens@example.net,IT,109,2026-05-22
425,Michelle Molina,dcummings@example.com,EEE,110,2026-05-16
426,Monica Kelly,carrolljay@example.net,ECE,107,2026-06-07
427,Patricia Allen,stephaniewhitaker@example.org,MECH,110,2026-05-28
428,Shelley Smith,nsmith@example.net,IT,105,2026-05-23
429,Eric Johnson,lisa28@example.net,MECH,103,2026-05-13
430,Tiffany Myers,robinsonandrew@example.org,ECE,108,2026-05-19
431,Ashley Collins,williamssusan@example.com,EEE,104,2026-05-31
432,Erin Anderson,tgreene@example.com,CSE,106,2026-05-23
433,Tammy Thompson,stephenmason@example.net,MECH,109,2026-05-30
434,Jodi Lester,victorduran@example.com,ECE,108,2026-05-28
435,Briana Carpenter,sophia08@example.org,AIDS,104,2026-06-03
436,Kara Glenn,becky74@example.net,CIVIL,109,2026-06-01
437,Jeffery Allen,carpentercynthia@example.org,ECE,109,2026-05-28
438,Joe Adams,brandon84@example.com,ECE,108,2026-05-11
439,Marie Anderson,hsmith@example.org,ECE,110,2026-05-17
440,Christopher Miller,richard11@example.org,MECH,106,2026-06-07
441,Rachael Andrews,georgesabrina@example.net,MECH,109,2026-05-19
442,Raymond Ayala Jr.,dgrant@example.net,CIVIL,101,2026-05-22
443,Logan Alvarez,hillmichelle@example.com,IT,110,2026-05-22
444,Michelle Barrett,jwashington@example.org,CIVIL,102,2026-05-10
445,Rebecca Turner,eharrington@example.net,IT,110,2026-05-27
446,Jennifer Martinez,courtneynelson@example.org,CSE,108,2026-05-18
447,Michelle Paul,ujones@example.com,EEE,105,2026-05-11
448,Erica Gaines,joycekaren@example.net,AIDS,103,2026-05-24
449,Terry Rios,tonyacontreras@example.net,ECE,101,2026-05-12
450,John Campbell,unielsen@example.net,MECH,108,2026-05-29
451,Edward Duarte,rossrobert@example.org,CSE,106,2026-06-02
452,Zachary Higgins,rosscarol@example.org,MECH,104,2026-05-20
453,Sara Baldwin,chawkins@example.org,IT,106,2026-05-23
454,Christopher Jenkins,eric91@example.org,EEE,103,2026-05-18
455,Mark Oconnor,bklein@example.com,AIDS,110,2026-05-24
456,Daniel Fisher,joseph48@example.org,AIDS,108,2026-06-01
457,Kristy Hughes,olawrence@example.org,MECH,106,2026-05-27
458,Justin Castillo,gloriajordan@example.com,IT,109,2026-05-09
459,Scott Gamble,dpearson@example.org,CIVIL,104,2026-06-07
460,Michael Carter,yorkandres@example.net,EEE,104,2026-05-16
461,Matthew Cruz,rmoore@example.org,IT,108,2026-05-27
462,Nichole Murphy MD,fpadilla@example.org,AIDS,105,2026-05-14
463,Michelle Berry,myersdanielle@example.org,AIDS,104,2026-06-05
464,Craig Luna,davidjohnson@example.net,IT,107,2026-05-13
465,Brian Trujillo,lauren37@example.net,ECE,102,2026-05-15
466,Allison Howell,evan16@example.net,CIVIL,107,2026-05-26
467,Christopher Hood,john02@example.org,ECE,107,2026-06-07
468,Janet Graves,mwilson@example.org,AIDS,106,2026-06-03
469,John Hamilton,shieldstina@example.com,MECH,102,2026-05-29
470,Thomas Cooper,williamscheryl@example.com,EEE,109,2026-05-20
471,Thomas Martin MD,ericspence@example.com,IT,102,2026-06-06
472,Toni Wise,hartmanjasmin@example.net,AIDS,103,2026-05-22
473,Emily Armstrong,olopez@example.org,AIDS,104,2026-05-31
474,Brian Stephens,stevenmelendez@example.org,CSE,106,2026-05-26
475,Mark James,terrijones@example.org,CSE,102,2026-05-28
476,Ricardo Castillo,tanyawolfe@example.org,ECE,109,2026-05-18
477,Lynn Dennis,knighteric@example.net,CIVIL,101,2026-05-27
478,Anthony Taylor,samuel91@example.com,AIDS,110,2026-05-22
479,Kimberly Thomas,gblake@example.com,ECE,108,2026-06-02
480,Geoffrey Tucker,michaelrivers@example.org,ECE,106,2026-05-17
481,Karen Phelps,chris52@example.net,CSE,106,2026-05-25
482,Mark Herman,staceyfernandez@example.com,IT,108,2026-05-19
483,Elizabeth Bishop,brian28@example.net,ECE,106,2026-05-14
484,Anthony Ayala,brandonklein@example.com,MECH,101,2026-05-31
485,Sean Brown,twilliams@example.net,ECE,101,2026-05-29
486,Christopher Thomas,audrey21@example.org,EEE,105,2026-06-06
487,Michael Hill,jessica93@example.com,MECH,102,2026-05-14
488,Kyle Schultz,michaeleaton@example.com,MECH,110,2026-05-12
489,Jessica Kane,gdean@example.com,EEE,107,2026-06-07
490,Oscar Sullivan,pdixon@example.org,EEE,107,2026-05-19
491,Ashley Mason,priscillamartin@example.org,CSE,107,2026-05-09
492,Luke Williams,cassandra86@example.org,AIDS,102,2026-05-21
493,Paul Perry,hannasabrina@example.net,IT,102,2026-05-16
494,Sarah Watson,woodsnorma@example.org,CIVIL,101,2026-05-25
495,Elizabeth Gregory,jacobking@example.com,CSE,101,2026-05-12
496,Emma Green,bbray@example.com,IT,108,2026-05-29
497,Mr. Jonathan Davidson II,andrea32@example.com,IT,101,2026-05-18
498,Michael Martinez,benjamin24@example.net,EEE,105,2026-05-20
499,Wesley Alexander,elizabeth17@example.org,AIDS,102,2026-05-09
500,Christopher Hoffman,elizabeth68@example.com,MECH,110,2026-05-15
501,Jane Ortiz,aaron85@example.org,EEE,105,2026-05-15
502,Amanda Oconnor,brian38@example.com,IT,104,2026-05-15
503,Adam Wood,joneschristopher@example.org,ECE,103,2026-05-13
504,Rebecca Wilson,stoutdanielle@example.org,MECH,110,2026-05-10
505,Jerry Smith,george22@example.org,AIDS,101,2026-06-05
506,Robert Brady,stephanie27@example.org,IT,108,2026-05-24
507,Brandon Holmes,thomaslarry@example.net,IT,102,2026-06-03
508,James Johnston,tyler53@example.com,EEE,109,2026-05-28
509,Dr. William Hernandez,jennifergriffin@example.com,AIDS,107,2026-05-31
510,Michelle Washington,sonyathomas@example.net,CIVIL,105,2026-05-21
511,Alicia Gonzales,sharimendoza@example.org,ECE,101,2026-05-11
512,Gregory Ortiz,zwhite@example.com,CIVIL,109,2026-05-29
513,Anthony Ortiz,shermanrobert@example.com,CSE,102,2026-05-26
514,Tammy Kim,dpearson@example.org,MECH,104,2026-05-12
515,Anthony Kelly,woodlogan@example.com,ECE,110,2026-05-24
516,Richard Nguyen,maria54@example.net,MECH,107,2026-05-19
517,Alan Santana,aguilarkevin@example.org,MECH,103,2026-05-10
518,Mrs. Lisa Gutierrez,garciachristopher@example.org,MECH,110,2026-05-23
519,Bobby Vargas,martinlawrence@example.net,CIVIL,109,2026-05-17
520,Jeffery Murphy,allenjennifer@example.com,IT,104,2026-05-18
521,Brandy Dennis,halldeborah@example.com,MECH,108,2026-05-12
522,Teresa Anderson,sonyafisher@example.org,AIDS,103,2026-05-26
523,Kristine Schultz,joelwallace@example.net,AIDS,101,2026-06-04
524,Selena Jackson,kbaker@example.org,CSE,103,2026-05-23
525,Michael Sanchez,michael27@example.com,AIDS,101,2026-06-05
526,Dana Brady,jonrichardson@example.com,ECE,102,2026-05-24
527,Tiffany Vasquez,palmermeagan@example.com,AIDS,103,2026-06-02
528,Kevin Wilson,ybauer@example.org,AIDS,103,2026-06-02
529,James Mathis,jeremy86@example.net,MECH,101,2026-05-16
530,Lori Rubio,archerkyle@example.net,ECE,104,2026-05-24
531,Roy Lopez,jason66@example.org,IT,102,2026-05-16
532,William Kelley,john64@example.net,IT,110,2026-05-27
533,Robert Morris,nicole28@example.com,IT,101,2026-05-21
534,Ernest Vasquez,david72@example.net,EEE,109,2026-05-29
535,Tyler Merritt,millerdavid@example.com,ECE,109,2026-05-13
536,Sherry Crane,schmidtpaul@example.com,CIVIL,107,2026-05-26
537,James Booth,ythompson@example.net,MECH,106,2026-06-02
538,Kim Davila,zedwards@example.com,MECH,107,2026-05-13
539,Christina Poole,mark59@example.net,IT,105,2026-05-12
540,Shawn Tucker,chasethompson@example.net,ECE,107,2026-05-12
541,Jesus Douglas,tashavelazquez@example.net,ECE,108,2026-05-29
542,Jason Oliver,michaelpope@example.net,EEE,108,2026-06-01
543,Mary Brown,benjaminjarvis@example.net,CSE,104,2026-06-04
544,Jasmine Stokes,fordnathan@example.net,MECH,106,2026-05-09
545,Mark Vazquez,jorge46@example.com,ECE,110,2026-05-31
546,Tyler Jacobs,bridget23@example.org,MECH,107,2026-05-31
547,Tina Stafford,kvincent@example.com,IT,102,2026-05-09
548,Kevin Armstrong,blackscott@example.org,AIDS,104,2026-05-30
549,Robert Moreno,rochatrevor@example.com,CSE,106,2026-06-06
550,Stacy Harris,scott78@example.org,CSE,110,2026-05-11
551,Christopher Marks,brownsandra@example.org,EEE,109,2026-05-16
552,Tiffany Reed,sherry33@example.org,MECH,108,2026-05-25
553,Tara Monroe,suzannelong@example.org,EEE,104,2026-05-26
554,Brian Jones,rmcdaniel@example.net,AIDS,106,2026-06-02
555,Jacob Duncan,nguyenchristine@example.com,CIVIL,110,2026-05-09
556,Brian Solis,jgreen@example.net,ECE,107,2026-05-17
557,Nathaniel Fitzgerald,janice47@example.com,CSE,109,2026-06-06
558,Ethan White,ghill@example.net,IT,104,2026-06-05
559,Jennifer Nichols,nicholasrobinson@example.net,AIDS,101,2026-05-27
560,Christian Campbell,iharris@example.org,IT,102,2026-05-10
561,Cynthia Matthews,amy29@example.com,CIVIL,110,2026-06-05
562,Haley Morris,michellewilkinson@example.org,CSE,101,2026-06-07
563,Alexander Sanders,brownnoah@example.org,CIVIL,106,2026-06-01
564,Richard Robinson,alexandriahardin@example.net,MECH,103,2026-06-03
565,Stephanie Henry,ochambers@example.org,CIVIL,109,2026-06-03
566,Denise Dennis,annbenton@example.net,MECH,109,2026-05-30
567,Tammy Miranda,joseph75@example.com,MECH,108,2026-05-20
568,Laura Larson,deniselogan@example.com,AIDS,106,2026-05-23
569,Samantha Nguyen,hicksrobert@example.com,EEE,108,2026-05-12
570,Christopher Washington,pittmanpaula@example.com,CSE,107,2026-06-02
571,Lindsay Roberts,marc07@example.org,CSE,105,2026-05-20
572,Bradley Cook,thomas02@example.org,ECE,102,2026-05-30
573,Norma Woodard,fyates@example.com,EEE,110,2026-06-02
574,Mary Castro,mariasmith@example.net,MECH,110,2026-06-02
575,Stephanie Beltran,rivaskimberly@example.com,CIVIL,102,2026-06-04
576,Jonathan Taylor,taylorabigail@example.net,CSE,102,2026-05-09
577,Ricardo Clark,jamie09@example.net,CIVIL,105,2026-06-04
578,Robert Mckee,barneslindsay@example.org,CIVIL,101,2026-05-22
579,Justin Hill,nicholas41@example.com,CSE,107,2026-05-17
580,Sarah Huerta,marciaflores@example.net,MECH,108,2026-05-17
581,Aaron Nelson,pamelamiller@example.org,IT,104,2026-06-07
582,Lisa Coleman,jose13@example.com,MECH,104,2026-05-25
583,Jason Bowman,wklein@example.com,CSE,108,2026-05-28
584,Julie Dyer,denisewood@example.net,CIVIL,109,2026-05-13
585,Melissa Lozano,atyler@example.com,CIVIL,102,2026-06-07
586,Sarah Allison,carrie06@example.com,MECH,109,2026-05-29
587,Kayla Calderon,jessicawatson@example.org,IT,108,2026-05-29
588,Jason Pittman,leachmatthew@example.net,CSE,104,2026-05-09
589,Brenda Mcgee,perezlisa@example.com,AIDS,107,2026-05-30
590,Sarah Brown,tiffany48@example.com,ECE,108,2026-05-22
591,Ashley Smith,kimberlysimmons@example.org,CIVIL,107,2026-05-21
592,David Brown,rosssarah@example.net,IT,102,2026-05-28
593,Beth Arias,crystallutz@example.net,ECE,110,2026-05-17
594,Kelly Johnson,robert32@example.com,AIDS,106,2026-06-01
595,Robert Smith,jonesluis@example.com,IT,103,2026-05-11
596,Elizabeth Fox,benjamin83@example.net,IT,103,2026-05-21
597,John Bailey,diazdavid@example.net,MECH,105,2026-05-27
598,Mrs. Melanie Christian,ucooper@example.net,CSE,105,2026-05-16
599,Philip Santiago,millernancy@example.com,AIDS,107,2026-06-06
600,Joshua Salinas,foxwilliam@example.com,CSE,109,2026-05-19
601,Monica Moore,suzanneserrano@example.com,AIDS,108,2026-05-19
602,Donna Archer,npierce@example.org,ECE,107,2026-05-28
603,Steven Stone,dfisher@example.net,ECE,103,2026-05-29
604,Robert Thompson Jr.,bradley60@example.org,ECE,105,2026-05-15
605,Evan Hendricks,gutierrezjonathan@example.org,CSE,101,2026-06-04
606,Rachel Faulkner,johnsondustin@example.com,CIVIL,107,2026-05-09
607,Andrew Ryan,njoyce@example.com,CSE,107,2026-05-15
608,Douglas Mitchell,jennifer13@example.net,IT,110,2026-05-14
609,Katherine Durham,lukewilliams@example.com,IT,102,2026-05-31
610,Jasmine Hudson,tracey61@example.com,CSE,109,2026-05-18
611,Megan Cruz,ryan41@example.net,EEE,110,2026-06-03
612,Troy Nelson,bobbylawson@example.org,MECH,108,2026-05-30
613,Charles Khan,hailey23@example.net,CSE,108,2026-05-31
614,Lisa Williams,nathaniel10@example.net,IT,109,2026-05-10
615,Elizabeth Webb,sharon15@example.org,MECH,103,2026-05-24
616,Ashley Davis,fbennett@example.com,AIDS,108,2026-05-20
617,Marcia Small,meyercarol@example.net,CSE,110,2026-05-26
618,Bryan Zimmerman DVM,dheath@example.net,CIVIL,108,2026-05-28
619,Robin Landry,zlee@example.org,ECE,101,2026-05-20
620,Christopher Mitchell,mariaserrano@example.net,ECE,102,2026-05-19
621,Sabrina Woods,emily07@example.org,AIDS,104,2026-05-28
622,Maria Bryant,elizabethnguyen@example.com,EEE,103,2026-05-14
623,Leonard Martinez,gfoster@example.com,ECE,110,2026-05-22
624,Sabrina Barr,kellysteven@example.org,AIDS,109,2026-05-21
625,Fred Dickson,xpalmer@example.org,CSE,109,2026-06-03
626,James Rodriguez,ojenkins@example.org,CIVIL,102,2026-05-21
627,Jason Schroeder,montoyadaniel@example.net,ECE,106,2026-05-15
628,Virginia Chen,qlewis@example.net,CIVIL,103,2026-05-25
629,John Stout,fwaters@example.org,CSE,102,2026-06-07
630,Ashley Carroll,katherine06@example.net,ECE,104,2026-05-26
631,Christopher Lewis DDS,jenningstodd@example.net,CIVIL,108,2026-05-25
632,Caleb White,justin29@example.net,CIVIL,101,2026-05-30
633,Kathy Prince,brian37@example.net,MECH,108,2026-05-26
634,Laura Downs,jesus85@example.net,EEE,108,2026-05-30
635,Jason Mendez,alexanderrobert@example.org,IT,107,2026-06-03
636,Richard Davis,millertanner@example.com,IT,106,2026-05-20
637,Kimberly Francis,nbeltran@example.com,CSE,107,2026-05-24
638,Shawn Boyd,jeffreydunn@example.com,AIDS,102,2026-05-25
639,Christine Smith,hopkinssamantha@example.com,ECE,108,2026-05-11
640,Amber Campbell,kelly83@example.com,EEE,106,2026-06-01
641,Erika Mcgee,catherineramirez@example.net,CIVIL,106,2026-05-25
642,Marco Allen,ruthelliott@example.org,EEE,106,2026-05-28
643,Kyle Smith,mscott@example.org,CIVIL,110,2026-05-18
644,Victoria Davis,ryan52@example.com,IT,101,2026-05-17
645,Angelica Mcclure,yorkjennifer@example.com,IT,104,2026-05-29
646,Michael Murray,jenningsmitchell@example.net,CSE,104,2026-05-26
647,Jennifer Cunningham,ashleyflores@example.com,IT,106,2026-06-07
648,Russell Carpenter,lhernandez@example.com,AIDS,101,2026-05-22
649,Ronald Hansen,bookerrebecca@example.com,EEE,109,2026-05-17
650,Kevin Avila,jessicamanning@example.net,IT,101,2026-06-07
